address,userID,user
0x4b3F2072bfEf4D47141a0D8e4E0665603cb26934,435564307862913024,Saurabh.Deshpande#2063
0x831706473e5bFE54987f4D09eB1D8252742aAE6e,673829958677823503,itsmnthn#5031
0x3d90377351239a85261Ea7D5C2cD68f355B06907,257317725360095232,majesty#3933
0xb7338951d8aaF32Ec72E72Aff962AA0Ee315CC6B,391369998716895253,thereisnospoon#2690
0xf7f712369810C6BD17ad19616c8d2d46358D9777,411595208120336386,Djshneck#8397
0xE3dFB1beE32d13bD09841e52387D05eEA58Ed61f,207598059369136129,Bjardason#4654
0x6039C1b6de25256fEC5673584662117f625Ca9d0,406296161188577280,itachim17#9177
0x91B898123c2ebe03E2F4a3E34530850DF07A9074,589102843990900746,wirrix#6940
0xD74946A978ea117A6008361419f38DB26fA531D9,396678417308844032,patrick#9609
0x341f012d3fcFa977B7c5B562C1c22Dc3C6Ee9bCB,401692997470912513,XanderTiber#4126
0xfFD2Ff35147e6B1069664A983Ec4B6Fa154F8CfD,859233755121188944,incognito#0554
0x9CC5426B62801c4838D2E6Df149fA048E22c48FD,403488343633035264,Hunterr84#7710
0xd98eE119c967e471fdef9acE81Cff98099FE0F90,436066803089932308,zkarther#1055
0x99C2bb7dbC3013B920dC234249B2c91249EC29e9,734156472908251226,gokhan2580#2311
0xcF8d07b410f184c6b1D1330Cb18FEE68E1E4C87b,700245475739041813,narutoof#6995
0x4e941480748583357C2064A8387627ACAB8f89C2,598226705332830228,lunlunja#5705
0x53c5cC6B851b97710989e52CA6A54ee5CDC9c899,819526319779086336,Apfelstrudel#1808
0x7B7008D6b71114e6D0181d35c33bd7834dE1CBf5,789127240192884756,muhittin incekaya#2566
0x43dA4B54A8Dc1783FB22A4FE0a714090972DeEb5,428187505930665984,Elturco I TestNetRun#0550
0x7C1C0E0697223De2f574Aa17Dedea8CB65184aDe,808964666642006066,Toninho#4290
0x63B0B62d3A25BD7C4A06E7a482dbb3Fc0a9B0335,751363899797798965,fabshab#3752
0x5C890a2CCEF2D565C2C2b7Fb97A7aEE59ceE8fEf,676676224180944908,break#3377
0xD42c232373f306dD177354804A46Bf4e8A9FFcb5,706108960821739563,PeaCeR#4577
0x04CA5B4fFc26C8c554c83DaDfe7A8d2eF9bf5560,764477683023085589,m.aliarslan#6002
0xE5683640c2894362bAE198e2d26d888CAF1adef3,706125029242306613,nicoco#9103
0xF96bFCf9EB509Eb407784fDb56305eAa3671D74a,703736396581437521,MechuL#5381
0xD75b5A44d0C7941a0fFF46eF98af7ae0dEfE1D59,823802101024423936,run#7475
0x1ED693E1ceEb0298c8710e07b84Dd48A70c5dDF6,789188208498835496,Karasakal#8592
0x5302A37A74912c1A9B26Ca85E9b5d515cF0F1e86,524706469279694858,Chuk7x#3662
0xeeA90Ac8C06C1d1B76C4332C12CeAe927aad2E69,676548556919930921,krclrcn#8358
0x3B24C1Af567e87290C6E6cAfebfE2A2Cb587cF7B,691247484265037906,huseyins#5046
0x5628666464e87e3511992d24374a458382807df1,543898076822241282,VipAsk#2578
0x41595a1aD6dF63996Ae5b0cC3D3d1148b9dFe1CA,566732185877479503,Jandeer#8123
0x3595a1E00fe7351532406552eB9054360d2BFCCa,302201907408011264,lucenzo#5693
0x27F0b7fA41a6e4617b4284138278f81281214cc1,741617448968519710,zuta#8691
0xb41b8c164EdB1E62b6836310FA7304e400ec55e4,768413286294224897,vladkarepin#1260
0x02B0050e8341c1Ec6e2182fa52128cE307B9C1d6,843063995828535307,user.evilgecko#3809
0x82c854504F266dAd4a7eA9E448Ca7B1572AebF1C,872407469803048991,calicocat#8307
0x770AE9a0a5f2869D774B07177E10c6dD811e9809,693211113449455618,heyvgert#8711
0xbf22cf6D6E9f3aB8630555b8a457fb669C7968f2,699606462938349610,vakana55#9645
0x562574AF66836b1d30e69815bDf0740A7BD7C437,483280542658461696,atvanguard#1425
0x1ccFbab8fCC3bE64963614a7cc9Ff3940937968c,535529150329389067,Errorist | TestNetRun#9233
0x5dc997Ba885a15E0007360320280078B3517B949,731789154072920096,tudnv#3756
0xcA025bF58C9ABaB8ea44c14998f2fF3867F4Dd42,393444147538690059,NoFaiht#4140
0xCC739913228bC783B5eA364ABB735cD0Bd85aAA3,839643804625534976,Conqueror#1312
0xfA71396fCc1051BF1e3A91B1Bb15C48eFF816b63,670553607996964865,yigit#0095
0xACeD99D6c7bAc8Ed5862F85C744183D09927400D,759577205533179934,b11w#1460
0x012A40Ef7C9DD194E50dEfBEdb292D8B355424Ba,487138115383853067,Mak#9322
0xABF957b5b42C924Fd9ccD1DD6546E30bB441Bb8D,329373420850774016,cebrail#3332
0x20327f224E7Ad5a08035fdAcc68429143604BE25,106395451367895040,Bojikan#7138
0x01f6b34b5E4C97B44204643C93752B49D727AeA1,703310841230917693,katsuyusama#3323
0x7AA002F43B056c6cD5E070B4B4A191Cb36ADa8aA,848205430949806131,Jimmy007#8761
0x1327f15Cc413dda88ec93Bf1a8ba49d927fB80F5,354262219971624960,drmehmetuyar#2826
0xc1799990A2C1C716f45b37efb4bCAD3AC8CF577b,330821922189344768,michelangelo#3047
0xb87Fd8dF3Ea1e7b520541Bd687e7877dAD5F708C,691302955789582389,onurariyurek#6226
0x1296b0A992abc44675fF6800Dd86696DC9366490,760253890041741323,fatihefe#4239
0x840aD92Be709e4919FB9C2a124396e384a6D5244,838597633357643818,cryptofarm#8431
0x21350147D9eE4A9CFC2545C52d0Febfb98Ad8A7C,693351376193060864,ZYXC#1674
0xb4f390acce0eecc39d77a0fafdba424a1d5d29d9,857539543086923817,fatlhefe88#4786
0x5df661cd6EBAfa3803B3eBf7137B9DF29fDE23FF,846133374363762699,Halis TUG#6618
0xdeC0Aa6A0C34C23B6852B559f948E59877C70dD1,759737494970433566,paquetox#1362
0x153f48DAAc774e2d91be017f83DDB7Ddf8AC721C,155390582024437761,limonyay#5712
0xe158573348082d4e1e1Dc2Fe9B4202f169f3b807,693176918786441246,0xBvptiste#6373
0x92ff9E4b6BAFa6B7A5607F1B5ab1795cB15360b1,708045678173093912,C K#4206
0x8f9726C136D37E7B5817409196FE449E6fE390a8,401764731699855361,El Capitano#7803
0xb1e2558beA5E7adB292c15d844205D1e72eD3F72,805108375104126996,sodalight#3997
0x0139279d4144E285fAa544Cb8B81757bBBEC4EB0,355969734228836362,CoffeeisReady#0635
0xF36f299E3b49BfA09f6d4Fc7ECe18A7e6c601E8C,334228659827245057,0x3ponco#1908
0x47aBF8dAE4d538Cdb0A4a622198A399eDeA5B10C,388270656866877441,Tu#0447
0xa34FdaE47f0EF4988Cd2D1c37A91Bb9AC584D4E7,833352110896578584,quochuy_dc#8421
0x0C14012E07dbadf8cac24dD79e0cDcFDCdb9e03F,449306544639574016,ryyjun#3756
0xAaD07f6a417C23ff96860bd29C96dF5404f61f1F,792820291800662066,Alfonzo147#2196
0xf84a900996D26F292CB88D688C0e2Dbe01cF86a7,839041994478583830,uzeyirce I TestNetRun#2735
0x71bE98F378f69B82bf0172dBde6B9E2Dae09D2FB,262392369800806400,Megumi#6974
0x1Fab8a8454A130a84E1dDdAD14f91c298262518E,824601456396468224,tevfikuysal08#3359
0x58E02a7AA5FCf710358Bcf26D93D80Dae782c6FA,821320652459999243,emp#6701
0xe1797D28f9Fd7Ba8779BED9e34064b5ca6883AFC,884808489145368636,Doruk#0597
0xeaC6297d28B096a543E06be9DbD117535f4643B5,452249689316917259,iaydogan#0601
0xE75Cd5fD2225fa04dcd360b599CF14D2f8B7a973,828727403361730601,savi#2303
0x35eb26D478E548c0BF005568CDa7FA09B416E5CF,702907123306201160,akubilayozel#4193
0xEf1a8a07Aaca9706C68CcC761B13357232eBDb6A,701110858390044673,tomtomdxb#4161
0x5cE3b6047626ff1b53A6A8176D1Ed13780E696c1,879717155636137986,SelcukPresale#5339
0x9Fa1090F6BeCab7303cdB44fA150Bd179c65c4eF,842013837007650836,viva_zapatista#1161
0xF217402efA536aC01B75bAc59BE0a393c808a932,881200377020702731,jacknick45#6008
0x58A4E4b1D6de78cfD6B28F66Cb7e2d4c96498C99,372081144017190912,deaf_null#2781
0x704332Aa81A7F39fb23182fa47D32C942e28DA13,760576159703760926,backbone#6534
0xEf0BCC18606C6869d347Cfd78fEF5eF822561e21,682178487746035722,EpicPwnage#1533
0x6403E7fe6a931fe35870f55be4d1e1DED12E25A1,832233149466673203,TiTi#5548
0x3A096FdC6BAa42De80B28e7367673E98EDAEfe1E,881196889050079243,kocmaz#8292
0x21aA6604D3b35035DBaE3874a22eeDE9E9553318,294056649184772096,Serkan#2538
0xEbae5e792e9A60E47E2ffCc323854B77F3FE16c5,806530307859283990,iamserdar#7871
0xe232a555d70341B1fC5D89943c52B9B58Dc3d2F0,886520516406575104,mesna56#2014
0xBA9454ba09533e32C879A24FC9Cc2b160e19a8Ff,352116029402513410,Silva#7025
0x84644581a673A187E04ad671FF5AD3085ac8dD2E,817059431912701962,habumoka#6910
0xFebb65De4F754620CdECe0dAA548d757c9Afe31a,868874445777952798,LFGMOON#2793
0xC0ae3e070f720FB108f6649A6ca16d2e480E3681,747042775861690399,Sansiro19#9869
0xFD113B7e061B1323066B4414A05985D5505c250a,843847941282332712,PokeMoon#3530
0xD3383D31E901eF0d31ebEb752fd231Ce8143d7bb,417194549400698890,honmashinsei#4535
0x1429Acf5745d855424EE6896ac4564DaD2CF7825,416112459938791424,frozenpixl#3701
0x72751a5eac114f32A837bf93ed62B7B24A76C8c7,546392420397613090,frkan01#3799
0xEd3b81d342D446B5Bb67893e84a2BFaa6C1919be,830718563186507797,Energy40#9589
0x23CA4f0e8A89C9cDb1c543a7FD09fa866dF4D36C,327118147566174209,avx937#7889
0x990f7bb51e752E1670bdC0b8b699aE8E49d7C739,368343853025067008,noone#5634
0xD91E89E68871e04d9fF8F56299810C1824a331D8,841411554687451177,zensep#6655
0x2072bCF5b6D7b6c759131642e8d2c53C3D9D44a6,885798744942071809,brethren#9186
0x042f821e0Ae897CdEEFDD0B5BdC743cD8B9094a9,480764487478018050,acxtrilla#3582
0x37F84fFC1B473dfeE729217f5D0a04E49b774E3b,336234894361624587,y.kemal#7646
0x8149DC18D39FDBa137E43C871e7801E7CF566D41,403503534596685824,„ÉÅ„Éß„Ç≥„Éú#7089
0x67Ae297A061a6b54ab82261f2DEDa96005fA292A,888468529534365756,viggaz#5854
0xd520D984Bd9575b4fb3Ad88b686b2b11d6d9114F,516459552192069668,MAMƒ∞#9652
0xB2b4d90C391942f502Bbd786051c27D05209329f,730128326236307596,Nikolay#2843
0x390C0Fc471148Bba18f02792Fd8a81aB896F1316,182164665986449408,MCPC (DBGMM) ‚≠ï#0875
0xBFce80628b6975E1A228C7982AF963001880adF6,754321344664961046,Divs#0350
0x18292FE9DE4aAc58a69690360C07BCA171435638,530475315374325763,RedFox#7167
0x2FE65B6c5bFc2f30783778896f3C8F0C33AB2bFC,524314586296483867,Tazzy#8125
0x9afDBE1e0c8149c2d631957f391398746e986b89,397824046772781078,Mattieu#5639
0x5E7E763e7eF479f45DB505368A3e4107f0a46677,876722527450333184,GriselWarden#2196
0xeDe71D58Eb92c4Eb065d2709a08970f789e7084b,395878029202685963,Anton  1982#4860
0x4D60492855eC9631e0EE224C6348c8799E9Ba18f,876712445115248691,AvisWormleyu#1591
0x95DD6Eee5b82Ca767383e2FF081092b2129a9e67,876707542879834142,EmileeDimartino#8276
0x681B25dae711c910aB35CfBf9a821040F128f13b,876261882942619668,kietkido#1371
0x4Aa317E005F68D3C0E350ECbE099FE7574BD7d86,805461394567856138,Erdin√ß#3637
0x9D8b852fCD0cfe5534Ccfb19775915bd3Df453f9,876343783183233065,ElvinMarcilf#5906
0x81FA086BE1aC0f7229FaD6b004fd95850a66dF80,876347605037248572,ConsuelaDea#4856
0x093c52ecE3F4555DDC41451c9aA4e43119444D92,875983756341706773,KimiIngargiolo#6833
0x155964bEBD856A41DcC340204e4aBf4749b7dF5D,876340285821566976,DarleneDrowxe#1324
0x85072bA2a244774d1bb3f9795e991BaAF0de8b40,894042571167399996,lilmadara#3792
0xEFdA466907273A64330a8aE1178F02419136e2e5,876334788125016117,AileenKightw#5822
0x3416884c597b5b5DDCA07c2f20b489E30f226A3B,216946935561584640,CoryGunz#5648
0x53b0C59E950703e978Ed30Db96a8d055aca00b18,875974700277334056,ShaundaRebo#4606
0xB5b334Ee8BC3252C6e8aDB3a78aB66331dF079D1,875979660628992030,GertudeEdmon#5149
0xDa94Fb4A2886eb600803d8a41B927Ee6F622485d,875621850217087028,CyrstalZorm#4505
0xfE061cB3CbbA445419eb995af0B6bE128496aF49,875971153519312896,RenatoLeape#1135
0x9CBfFc86504645d80AC9D7D75C584748bb2A650C,875966860040998962,TamathaSchnit#7866
0x0897A996954dC23705e55aEC9A5c3893655a5d68,894038927063793684,lilsasuke#5048
0x4cd82704474D755742f045097DFF2a25bF966A87,172072467391578112,Bastien#4134
0x7025e0F48a47f7E37D23aE4096cC650558560839,875614694134657035,MeliaHeitin#2578
0x848255bfDEc59c18E372d432F22db1bD43905B63,875618534154207252,BritneyBehr#7274
0xe94a7C42e9bEa5E805C90176e011205aA966F139,894047532756389938,lilinabi#5283
0x0e0749DFD75593033dA43970BFCe40764Adfa952,875254352850345984,CorneliaFirest#7309
0x53448Bd383Ed6CABc5957916f899C4048d9b5B05,875610477349195786,DorindaComino#5060
0x2Dc61ddEf51e619efD66e9F421d4B4A7c83D7D29,875606538792869891,SulemaZerck#2127
0x61846BEc5602E1f31fFA1E023F185dA411c31561,875246680214233122,JosefaPerrigan#2309
0x2E4210C90A0d964dE274FbAA0B0B2460E75aA1A5,875251377994100786,LindsyMusco#7796
0x0491c0B4f871e62812969Cc7A6DB7F0495A1e649,875237512338083871,CarolArman#8690
0x2da8E287906f560A228F2bbb3B8dAA5A70209F70,874893349075710013,SeleneGensle#6521
0x9462e0BEF69867D297848c5826b24f36d8599174,874550917129732117,EllieGallo#2384
0x17b745CC78B5C3b403454D8B2389497fc3Cc875c,833078141521100810,AzizKubaryan#0602
0xfEEa1d9D5bB0667f4d74fD77AbE83eA8FA33B43C,874884449752469506,OdellAwtry#4005
0x4BC2585473d3e391adeADF85627B9B2BCe7Eb075,874878936222404629,LarhondaAugust#2492
0xEF5A8b9866c4178C7B1e0ba686A42F46D86A343A,874537618010931221,ShantelleMin#1341
0xFA89f7CdDf4249dAEBe79CBd5a686ea9E6c3a536,204112615226605577,Hateful#1710
0x6E70fFb443771D5d83DBb3d7cf6Af6adD028B117,800475306648535061,omercanyenigun#8472
0x4b47b9c9e6537ea6C66537b1513bf49a5A079473,874547338763460608,camigoldthwa#6846
0x280A885beFadb85C04Ba2299DCd4DE67396A93D5,448386692043505674,eight#2578
0x26AE6F7D4D87773c53916C5B14AD148fcC314e6F,874531845944008736,jenetteclinke#6950
0xFb8F7CcD644Bef5e8c260F895303043D79Fa0989,874167220442370080,christiesan#5036
0x427C48C458d44fA680ee68D7e3959cB4D99266F2,874169628404899871,mairacranst#8525
0x8b6A928BF19d36dbF4536797D7C656838c56Bfc2,873807612771196938,lashunda#0196
0x0166aD3d1FadA7802C5454bD479ae0688298F36D,874164772302626866,majorierojo#7281
0x43e6bE8b2c6E21Fad1c006966120258651Caf3B6,873799304874197032,tatianafolke#0100
0x78B69dDCE6276d2b074fbBdd519ca3987932993C,873803412507099156,damianohle#2928
0xD4955b6aA15FC36050b1D326c58Ca1A4024d05AE,873457265267572747,nicolakyn#9373
0xbcAa74F9ac5f33d7e5a04EDBb5AaF223195B1e81,691020345041354752,makerturk#9785
0xc4b0223c2159dEbd282EB3C3c011808D74f4F5dd,873790336508522497,ElzaMath#5230
0x1821F67f0214b9b2dF6f63cfECf0f6a4e26Bbea2,873785411980378112,leanncabi#8478
0x5829b74eF860B49A9ffC0b49F15Cd052B9e1Eb59,873441676973211668,lonnasala#5468
0x267BAeCe40FeEA75fe9433F02D2D932543D5B9b1,873441151200403466,RandyCriglerr#0076
0x5C38C67545024Ef4775994eB6F3992ea9319c1d2,737783335677591627,jumiya#5870
0x424c0337242eb7398a329B1a590F502f2Ce8e771,298466400207372288,hoggerspoggers#3808
0xABF9400525ee804eF521F914536e7260C550728c,703274482210701402,laberiz#4735
0x6464ecB8b3f065147AEaF87eE68C6BCd16375e24,246666679919181824,Meta#6158
0xC557A8bC5853d10A690AbD270851E826F2bf4BdC,544615289850167311,semih#0728
0x2F5accA3383eb9A40b9201d81d15A7A109dcC18d,752841722844938263,Leron666#1273
0xDE22661662EAD57d8C766b9582cebefA33a8612F,579552648500609025,nowaai#0411
0xf51F15710b2Ff4D9ffeddF4242c126f1fF2Ae02F,539899574224158760,Birke007#3532
0xA32133A50687DE98c5D82699DB175B1Bcb7E8F09,838010008079040532,tony198x#2644
0x205C66046639Ef90b6455fD63Ca589959d077680,804784833020166186,AA_Style#8201
0xB0b1b07574a2D67ebf9c3f675B5c4E9cAf0cFe6e,755072593299767296,Dorlanz#8919
0x99e878F6Ce281D799068D3A297E03d6d4EeC793a,419910518115926026,maxunet#3926
0x2e60b37C6b5650505D2f4462A6D99f83E90Bc844,813503043734732841,kriptoboss#0313
0xf0Db2D8c1FEDC7Bb9ACC32F1a7f937446110735f,880164063420743710,NgocHunter#9233
0xF6f72ffc13dfEA9fA8F75dbf25202b92575a25D6,193038890305716224,Solo Wing Pixy#3809
0x18659D691c19DCCb859fFC0C96af90a6835c3aE4,889205147710926919,OEY#7919
0x9e4d15e0ecb571e7e66831334519c76130f29636,456554273321254932,MiguelPalacios#0482
0xc4f96113D2F50A93c45070a85A1FB4531e5077f3,235512664137138186,BlekkiHax [Necro]#4136
0x9B04AD9C7673ECf823ad174A54EB775bd872530A,410118902865985566,babybel98#6812
0x5A108299fCc26c98f8A2539da7dd237b3B7A4867,342190145014988802,Minoah#8618
0x625ddcAb9AC43EC3C1C0B6872DA169234bDB244a,368534899579158530,NakoTurk#5452
0xD0F866db563EC8c97aA70808d20e35cF00eb4512,693515166700011530,GeoXX3D#2924
0xEED071df0b6f8C4088b9CfD9f2ADE131C8591613,826084547288236049,burak522#2652
0x338e4eb0293194Cb499379F5a2ef6F22Eb54c930,836601928762916864,sefilteknik#0540
0xb935F90aB7Be3b132eEaAC137ac26c2D38C7B55A,814656760392318997,tobugger#9114
0xAf7A2547019785655C2317e8f12C4D69112ab6Fe,814100229484969996,deadly#3347
0xB27E25Ac369a337b345CA2BdB8cbe822F37d0232,158301576119844864,Â••ÁâπÊõº#3802
0x147739434710453742fefb9b898ceA6512facdA5,887792420299870289,slc06#4712
0x8D8A8898Ecd93F682caa380E20bf444478c3FA8D,865625235251003393,Bozo#9562
0xC5c0993a4904baa6098728E8c6f21916291f0624,871075681461751838,belarus.eth#6008
0x6B8Ee579F5A8C8c67ab04d5A09768ca7EFFf9Ae8,321048534851780612,Sugaarayy#2109
0x4620d142c14aE2eA0B3CEE0E2dEfBc2E033B5153,871075010805125170,NiftyB#0326
0x0BFA90108F69cc3C43cC723aC450A485C7EEf9D2,871076107712077875,matteoR#2556
0xaeb4a0aD2cA5b24bD9c1ee0F2eA584a101E2a081,871105893335453767,birdy#8314
0xECa145e13a4aca8ce827d0Fe036A1c28169aB000,871106145144692736,camelcamel#2078
0xf2B7075F6864d9B780249482066b4D915E742085,873696621332955136,godadmin#3088
0xd3f7bC4a4B04DCa42ee59ED3933dF5076cBd2062,833383335954219008,≈üenol#2086
0x4140345F89a96045D4440129655FE7c57EAa63B2,873697411405586512,MadHattr#4613
0x155017465c589c3e1c0e9ade355F25730f4bB1c0,197406069834776576,just_artmoney#4806
0xbda88e6cAaA06Aceabad7Aa057B3A0D9Eee5d0a1,873698220130320444,bred#5661
0x94e79C6fefC2bd44a59aD28364547F7CA2B4d188,764899947740004442,wc7#3002
0xa73A8cB53f91a903b4b6202E85E347000d5433A5,764976072466366475,unlucky#5564
0x4820Deb7bbF154739Af8e446032b2647f3EfCAf9,427544061168189450,Majeeed#0952
0x0e4e01FBEf1a828cA854623853DD6A80324cE012,818931281739644949,zozkara#5022
0x063be984d6c7e3771d78422FB08b61426E7A4d56,742626844066447412,34#1792
0xf4627ceC6Ea1C46963942c076f39746814b7aA9E,388798140041396225,Bitie Rich#5379
0xb78a48658642e77942495f16993b94303c361661,456520150120923156,Muhanad C#8410
0x1D58328205429D39cE21a13DcD3FeB73180C9B20,764228777277653042,kubudak89#6413
0xdDAF64D54B2CDfDfE4df441a9f07fafA0c1Ae2F9,860927073920614422,ilkeali25#4104
0xf593d7772b7036B3360Fe58482250524e8fE1d16,821387179288821831,0neyeg#2687
0x41C075C15F9644664c3ecB67f869f88fd14595C7,862480014694809620,fatihefe#0892
0x59E5c94ac7e951016C6f548017ad9623073a864d,670607075126149140,kiko#5537
0x8fe6ba7b1839503A147cFAF0FA5BebEa9b0606D2,719417091878551593,blackwidow#7106
0x06bD9C3DF6D83808b593200Cf57277bc527AD7EA,762671878103236618,kubilayuz#5425
0xbac761aeBBcfFdFF6d0c06b535211809056fbc37,708395993149866017,HYE0619#2075
0xA007b5D85f67A4d882927ef2Ca992735a21d5028,884117329372381205,nemesisbasileua#0060
0x72964187899CEbAD8329A996148bdadF839e4D37,387189002983309312,bavaroise#9881
0x3174c95e55FEFcE3316381D8d1c118eC01a9F499,826713005584023572,Anƒ±l#9477
0x8cA4dafCC7e79ddD603eE24A9FA7305cafA3e598,587311861704163366,kimura888#6613
0x670066EA79e44A38d7f69776967dcd9b9F50f794,425990605576077313,Floflo1904#1470
0xF533A2Bb5D10cC4a2FF43e744A2237BF40614206,875626714942804048,Hoang Pham#6029
0x44Bb43Af9cd6B6Bb74f848b7400b7c526C0b92d2,887307280243097620,honeybabymoney#8352
0xeAa9Da6884433574eC8aCEB0263b8FBb6f5874B1,888558016121692190,isaacdavinci#0528
0xe1d378A9E257e9ec5d569100130442FCE6b0c9F9,408438336319913996,fedesaurio#1569
0x2457C54C2B31625eF6b80175d06B07Bd7CAAfA38,420291393940881409,Kenan0625#7699
0xB1416B01a34554c83Ee5E3D4E9c8eCF0F1348E5c,878760339389427712,ihakane#0840
0x158e02e4A130AFD22426bc3cCA06dD346f4f54Ea,346630012205662208,devblixt_#3269
0x8839F2aB732E2dA43A510A6f032866Bc97D7E09A,420587431667040256,selaslan#7019
0x78719457F274a8e9EC49C099d270CB94133d9C94,275943367756742657,fnvjz#7622
0x91FC88b9E1c1A42B5f4cdc87d5cd067A77C1fefB,815896875844108299,TONS#5321
0xD7fC7Da3342BC9A82F8c9D86234252265446B4D0,560108860086419488,paylik#9591
0x2173AC2683aB196CE8E604467ed2B0D16FBc11b9,393138666001661953,Jeremo#0542
0xED5e27DbD0C521AE6aefabfc2BE58cadFF4B1d07,827209059001434112,Ben Ng#7234
0xE7d8D951E46CB4D9d25a5E622D14F1115D0f2468,474100854622912514,Grandma#4730
0x49B93a1D142ce6dCa476A8671be5328a8EA07904,393246486051422209,Donfluence#1764
0x57f257e58b1831E4E57815026E889203c4338C22,886696511449223289,karakara#1710
0x2517507a3ccde9427D5C0682C3E40aAE89c10050,855924060844195922,Sertcan#6744
0x976BE15aAc04f4F0CF1E6C49b6dC221b4714DEEE,892329973753479208,Crapster1053#6607
0xe68A78881fa1dC0Cb9c2124E16fBa82158A4F606,191422775338991617,TeddyDemon#2238
0x91E8304e80374c8e4bD9596B7579D81B772579f6,646694681278677002,√ñzg√ºr G√ºl#3094
0x490fe8b9AeBfc2B4A8D2F38c7205c44fbA0E299E,829775511306764329,GAGARIN#5263
0x63bB872b4878324d5767767EDe3F74717d9256c8,410864220297756682,Pedro Ors#3989
0x957da1ad9248D3F7E2907c3A0C361E1164cFfc46,764832966643548180,kesh.zombie#9596
0xd19328251A99d6D62Fa424da897790aB13FAB08D,758999404157206548,Spectacooler#5734
0xf2B2398324079ea891e1DC2eCaF664fd8F9640FC,309747258805452800,1meymey#3683
0x232bC5cB206a3CBaBaf729a41631934f2C686B26,774211251987021864,Kakashii#2114
0x4329c74b04Ada74649B6C4eC889e2a876e8C4a3F,745862005339979817,alsirazi#7807
0x92db252C83973d45d5C965362CFBfB14b6285406,178935193548226560,jamiryoquay#2354
0x40d754097A3fD22Adffa72d9936C2D82865F535F,878759046734311565,ibrahimyildirim1002#3923
0x56D0139eC69b1DEBC1AE062B118FdE073A965396,785242393809125406,freudist#1435
0xaC87b3e54eca15be365B0f2dEE4E31CD1f314029,120178434520514560,sA#0671
0x4865B74CFEC528A626D6954A218461c34C71Cee0,892855930989989888,RiceGUM#2322
0x69a815c7BDd69f86A93A60260885E7Bbe6F85a79,881200809629589505,ibrahimyildirim1005#9637
0xf88471F29b744807509E66D9b3a93D9E25228307,892851470989406298,FlyRtroative#2751
0xaF3ff35a647D0FD63CFD9d98Bde98508B4B4Bf25,892848989639155772,Graye#8146
0x1BFBF23154776362AC81ddA8270800167c11d2d0,322814464531628032,fuji#6915
0x8B25cb37261C665a2a96F4BFB47A758d3442004B,740590600545370182,nmtinh#0581
0x926534F289739a9A98Ee2e057B3925cF12484244,415688009468608517,thientt#2302
0x97249d330a19377e609F23D76F4B042BB639de90,411036237277691905,baytar#3172
0xc9173341c806D9f799407e03b396e92a59953CC5,824980500425867304,vudao1993#6470
0x40903584F46E4e59a16F726DeB2F3088FF7d6306,340230064815865856,truncus#4247
0x9a5b26Abd02eBC94845E39D0eF7eF192889f0967,693984057280692372,snekhauz#2284
0xa67A0e25D0C046a22305F1eCA97412EC86f9db13,827533857301331979,dao2003#0524
0x4917d55E6b1dA5a0BFC616DE6233256C1c75107D,640659234127609867,jhno#8405
0x4C4EC7fAAD7a3a953c9069C36CC1ADD4C345F69f,626034512249225236,0xDesertApesCapital#1648
0x8f3093416640d0e4Ef12cD9e9be9115D6dFf6C6E,247400794561708032,Leo-paul.eth#5511
0xc356b22f2f5f08f27AEE64E19eD49873edcA8799,302439342888976384,O Mocho#7147
0x997858a67516C9368ebcC1ED9e71e06Dbdfd5D8D,894137093389955073,rayche#1385
0x3777Ae8dE9F3ff1102a0294BA2f32c017c027Da0,235097958981304322,ravenblack#2980
0x2b245b3B022f7F1b799C9A0234Cd9142c326661F,426322815822725121,!Slothify!#1195
0xcB8904621754ccAe2091Ff45DF4E54D8dd08bbfF,884128455892008972,Orhan Yƒ±ldƒ±z#8810
0x6e9B96EC1904CaDc8A9447f6fDE3974D3C8d9448,763537700694523915,Zanpakuto#0412
0xcef3A4134233A6b9a6014f311B02Ab9DeDdefb62,490694123096113162,toluene#4009
0xe0f1a6494ee81864A2BB84E31D7F252342b90476,646023608358928417,clingwater#6049
0x6E53C1B2Fdf053F05fbC939b980CD77F9d041d28,730143145823567952,Papaya#5938
0xee44e08c44796af94b390722C4817f75F8092832,130141740110839808,heisnotaxel#7171
0x0c7D97830eD56571Ce4D47253b372B934A2B8cBF,434383025581850625,jh#4856
0xEB8e23aEe8b9ACE8968A1a8480906b45D6e089a5,828273917240148008,fburuk#2739
0x0c7D97830eD56571Ce4D47253b372B934A2B8cBF,321985557116747777,edok_must#8182
0x3101dFc7005742d37B3E9a43FF662DFc8dbe1685,77753657294073856,Dot#8493
0x4842176eD41Eb3319A635b34d7d4d0fB71f117a3,808898450610716673,edddddddd#2007
0xDad32Fc8B47190eb3CB2d3AD9512f894E1762a2C,439491029331083264,hieuilbarca#6218
0x6edEAdb79979288c3916eb972Ed233d8053D3d4c,690180680415576196,Callmenikolai#2122
0xA181A4361d94bfeDb29De43dda450362A8B5A40d,874009279990997013,michaelbridges#3487
0xef1d3c4bd735d379073b9dbb589c9e7a90f350de,712356629416509460,insom#4016
0x743ffd79B481c68a189AF9E5fc9B3F25f8560216,846391705905397841,togi_slatan#8688
0x86715d0eb74858dDa549EfDC81516228341E8855,876916231012225084,ismail taner √∂zt√ºrk#0348
0xd0EF3Da338ab155bc8b1c078DB198E82429BBf1B,698564214465364080,MarvinP#3767
0xb523D1957e74c5A8e76B40409b1FD4c06e20a930,823582427578368030,bazouk#5545
0xa88178C18834efAAd74C25687F0F15Cad9B1E5D2,416175759984427019,DimJn#5506
0x87F1A59cD197bd96c4A59b33e9970ca9937E4995,390568923193540620,gokhanyuce86#5380
0x80f9942b5F58187fC2d3C5C8c7F615C15bDddE3C,397579233351958528,Benito#3655
0x5124D116e949185b7145601e34931aAfE0222602,493435701388640257,2rboforce#2176
0x9f4927C2A85bc2B8481b00a53d0CA9a3779aE00a,305714736991961088,Poudre#4807
0x9Ff10A3cb550DF35bb78015f5eBDebcE5804F4b7,455393160105951245,Bull#2805
0x33743689c9F3C36A92A85CFb9a740392f6ee0F60,270689431822925835,ThePrestige#9264
0x27DF114bC9D9b3713ef0D06a14E43b5ad95e91C8,600551241965109254,0xBay#8545
0x002FD3e23C2E25766a92A4bfA36045D7De8ba14C,894549315803037726,Tachi#7234
0x0aFD1ecEE343C92a8a071aa8772868117Df3e8f1,877636556402356224,zeyno07#4030
0xd6734d12c45B95B7634670aA4B52DA9736D15c88,878790992726220902,semrakol#1134
0xf22Dfa1982427d105EB01b40c9c91474365Cf36c,366280026334691339,hapirr#0685
0x657d7447aa06E86966d4F9b2Ac553CB929d5043d,792054311613759501,KissaKissa#7327
0x6Dab8Ca307d6616dF076f5680C4618faE43fCd85,833665630065393666,sharapchixl#4201
0x56C0f4A7aCc1D50dC7e6fB066Fac69b42Ce17f3f,283484262638944256,2Cu4#3825
0x7F597FeC9642122F13a5Ad440609d5334Bd4db92,461526795682840607,moccori#5049
0x4aFf34b2F8023281754E57981C05a0fE5d541c57,880918419568988200,parmo#8569
0x054773e08EfbBa4EB0A5c4b9A66074EdD733B2E5,267381388062359552,erkona#8211
0x7eDB292939ab208014CAA0C99509d7e2322842c6,209144172349882369,Radek#3013
0x616983c632aa23D9013A3F80f31C6C4b52495c8E,893835156958351381,thebiglong#5906
0x8cA4dafCC7e79ddD603eE24A9FA7305cafA3e598,397393480579547147,kimura888#1163
0x77101E319f5a7e59F2bbb98C5e15d0d94751D3Fd,396956682506469380,Followthecoin7#1843
0x62F58Fd7942A94b5854027F06B3a10fDC5fC5ce7,368708894161108994,Jesusciante#5993
0x7b895fD7ffa95Ae43a79fE8258165EC236064E5e,843423197650485248,onurmutlu1045#7580
0xBF8e9D3dBC2347469eD6c9e6121025961ee5d8F4,773637968291561522,distiinctive#6810
0xB9322EEeBcaE6baDC6111B00fa8b8A389D828D1c,266765432336154624,MRBOAT#9712
0xFf6e3780B0b8645B797a889fEEbe876C2fcCd06D,839199604901675008,sevketcimen#6806
0xf80Fb2a342c3BE4cfb39e5e5F6eA5BdA303001dF,368803737910640642,hahayes#6399
0xdeFD5fF793af0d75865172e61887C354a8AbdFB2,848090387963969586,sukeniki#0582
0x0D192D34B375a7d47f2fc1216e6D87A3a7892E00,809400123331051540,aaaahhh#9667
0x1D72C5ec4ae74eF80C51bBbD3433cF6A2eD21ea0,840288568055955486,avaxmhmtlp#0367
0x2d6efEA2eb1F0643b925F5D9A13FDE7E32CD7b03,833291365164253214,JNP#5887
0xBA7F628e9111803Fc9Fc6e5eBb5e24f9F8c26066,774002648277188608,tervelix#3356
0x3Dc248DD932e84D1314E2eE6a8F89F888D04a8af,824969269049557022,H1_Moon#4390
0x93aE54525acB62464aB92929739E8c32E4f61Bc9,245308939611275264,KlNGJU#8400
0x1faBa2f87035ab2A56DB512d304f6FFd9A681318,893171239382839326,fatihico#8044
0xC1e15aFBE09B030cbb9BBAc0571cfCaB570f8eD2,581780967635681281,Serhip#8971
0x6A8b8Ac76B1D5Ca470Da0e4D3Cc2B3994A0AC0dA,394653796837490701,„Å™„Å™„Åó#6382
0x0dB28553A9A1db7Bb526545ABeD80bD5606D0F1b,391588294284148738,Tahir#1570
0x63eC5b7c4eF97F978B524bAFA0681BB3E270A323,843458450872729600,NewAshab#5631
0xf130e543ecA554b5d06eE52bae38a95B9157Fe6F,677192827385413678,„Ç´„Éê„É£„Éî„Éß#0788
0x3bC359F03221c990C8a89467909403600AFFd2d7,846669482071556136,LEAP#8973
0x8F79aCA9C7C8274E7319F4eB496d594150845A0B,848476684256673792,onur#1253
0x7E36aEE3c834D9191636E0296BC48806045790bE,818329284484530187,Berk#1176
0x5763164a6DC744dFe5185773235d71284ea116d1,150326672300703744,yaraliaslan#8955
0x59d8a91701dd5D17D5bCD2b009057Bca6d54859A,393210296568643595,mister t#9457
0xC4212B3737Df6459850933D6CB87CC0655622842,176323474443206658,Guna#8496
0x32B5304C61EAD87b0Db72C616CBF8fb27A7D32E2,724074607719743511,khaen9#7528
0x08776F3FB93C5B7332fDDA1aBeFb0343DfB340Fb,367119004952821761,≈ûinasi#2379
0xFbA870Ef4Adf48A56a2B3d4E74497C8Fb3C14448,526442879300665346,McanDaƒ±#5977
0x201FFDe0A8A252DeDb9283EF9b99B4077438C2b8,532061735881015306,Dub#1027
0x8DDe3F20B780451C22e23131C911F39EfC2cDa8c,387536414092558337,Eighth8#9970
0x4724c48A2F4612bcEA7716D87C564d62562d7046,455891451365163019,erylds#1389
0x78dA5423e10dB6DbAd2606E435eB9Dfa281C91ba,858502732741345282,TanselGR#5574
0x8faD2CBC3B6Ada079595e41Df073c63d0D163d79,840946635369349140,recbeat007#3979
0x83D924fEe8Fd5F56947335f692C2D1EE6369194a,749423800927387708,mardo#8418
0x74AE5941F76F4810137AAbC257e55A7ba374B3D5,373473677867483137,Little Chick#7252
0xA77596E0DF70047f27e552B536F9599B4af27837,868079046569910273,terrainbeyondfence#1506
0xbb2265D46596918988a227EDbDb38903Fae032FE,720201933092290622,Hongggg#6471
0x81734907Afe1C9c47F5B6c6829b03cE969AB28Eb,475389957196742659,roy#7602
0x95cecaD8F4A0655265F5F40283af4351c49A15d3,380387699908935680,nyoach#6916
0x6fE9A87D8CDAadFa7Eda7bf5B9658526Cc7FF079,843096972381782076,Uri_NguyenThe#9438
0x70c246F7B0a937388Ad42f25237566218986BA23,782561132522635264,mstkrbyk#4918
0xF455e677b93ba2C169C39Fe4A1Ade413e76a7034,782684951182573628,iamcemm#5992
0xa5d175524590281b93e75A3F5920E7A3563161d5,844100058978582530,hieunt83hd#0643
0x1C3bfF9aedc9AFE2A793166b5dDD6A51774D24aC,705878729746022444,shady#2749
0x768263481c4703c22144558112d931B683492B52,358635291873116160,Crasengover#4611
0x826b0Ad169F1b74f5400729bD50878fE587f2940,828892676761059389,chulicho#0312
0xa66376D7C6210fce40D58B2F242F79814ca5b053,471001379675308063,Nefer/Mitama#2092
0xE50E65433805b2Bd50fDa0f0299A2Ba21a2ACd1e,887117162832080896,CryptoSnow‚õÑ#8030
0x8698327A7e55446F7558F03faAff08AB6BB45a76,406623876123197440,indo1#0890
0xF0FB276D097ec247d3E67f0bC728580023E944FA,462933738922442753,airyun#3994
0xF0dEaa30C7B3Ecc7A6Ad0f06c2C6C79906b322aF,873420737472528444,tuannam2904#0358
0x3c37aC6717A8992835DfB1Ad6c9d1db9210035c5,455391881434497026,bitkoplak#9030
0x8C87F56f246262DCC8EAE164942655E466864e5E,431914659545874454,don#9771
0x07a8DE33a717F93a9a30D4F496a69D02c3765835,418280638551162880,angelyo#5175
0x78b8A76BEa31733777556033e2a116df66C4C41C,395941682232819743,„Åø„ÇìÔºàminÔºâ#5994
0x201b5Abfd44A8F9b75F0fE1BaE74CDaC7675E54B,224345938011881472,kujo#0238
0x20b3Fb70CfEb01AC7ea11a412572848139a2B748,694971185666064414,Rusl#5521
0x4751E964e6945BE4D14d55EB675E876E22DEDCe2,569576882224365579,MadMax#6919
0x313ff40b3b90ed90D0DAc823033d3baC67151B02,426046094326235136,Afiq IO#2603
0x10c71693303e2328224e0C7007ee9D735c428646,384190331039514624,hansvt#6681
0x386C82b52d6E0DFB636C51B577577140cc1Df4Bf,247671415715790849,„Éâ„É≠„Ç≠„É≥#0874
0x0f0924A3a5111e7987A23a49Af826D2Ba431342e,890471403617402880,mizushima#4202
0x7bc01045b0Ff9DB52eB2755A525ebA9c959bFEf9,881876831375093811,aitorbarina#3056
0x8189b6fF737CeB5De67c7160F6BCbd20fF5E9d86,379123029818736640,d0nkeyk0ng#0053
0xc74FBf6b937cd0E685c76561d8e2518e2A7c44ae,345936579824713740,Tuxxanator#6951
0xA85c7238A0B2f4a2D40110962ad512C4c639f144,839845912243208202,Ekusiad#1597
0xa80AE921E6b41824bcb2C6491e74b15743922284,394263207348535296,Sconey#8699
0x1808465DdB789bAb8b94A44595b2C2f31510b03A,420281259483201547,Goldberg | StakeSquid#5271
0x4a5C3247bcDa98BFB7aA5E92401A6346Fadcfe5b,829297963171971092,Bakuclan#9189
0xcE2774190d5cf0254f797ABF9b8Ebf1112D7e8f4,715626671474081842,Metehan#2679
0x1404d62e02B437102F0DA2F36185f3BCbedfCcC7,422780854415392768,ngskts57213#7690
0xE91E73b5F5D0640082107FE61d6381Bf6883CD1d,389531610195820554,yusufb#0105
0x75e04Cc0a0E9bf1739735F040eBB52fd85Cf78bA,828332784275816469,burhantutkan#4449
0xDAbc72dAc85692e0115257DB423648f0E4D23040,405513842173411340,caliskan#8320
0x100b76BA0B1ac74B281289d992fc23c48ccb6ae1,706094651051868210,lanosss#7158
0x210dd7CDC07EDbCda054c329212Efcb25CA38B25,421815980596133898,H√ºmmet#7863
0x35063502261a6aE919B91efBB569252A3628f5c9,461411651652943872,Nck#5595
0x4882E761c67309e9B134e209D7a3742c5013fb9c,785203978760749126,beytullah#1727
0xcef3f8d1BC8F20f2ddCd50adC4104fd6B1C573C5,378976077332348949,iSTRANGLŒû#8530
0xE27A94268f5aa5b70748a38e58293Cd993579a91,509475441208197123,PCKirana#4541
0x8bD6E494071940F1FF6AbeA81A005ed91D111201,478162978252783618,ryuta#9015
0x2e1C81a7E110841147EC75c1B768e56b9b665192,279644754814173184,Wilson#8329
0x4e9aBf4741909aC381268C5648Bc5E5e04b1F13B,324115745716043786,FantieFan#5417
0x8b8870804B0B159bd3284903502026C62F05e933,697169819744731218,rolltwicedown#6046
0x21c94E9955aad1d9a4d7a58e2C477A9F5617bfFB,362737115525545984,0xminion#9883
0x7bd21b15e8c18f7a37286706009e730f763900d8,173801672735195136,J–∞zz#8281
0xF94bBA07C2c1bBECD42c16610Ac63c2C33659C96,532000530659147782,Axel¬∞#5557
0x1B1d11143c69d7c361582569b46fABCD78D8AD08,448802610632458241,kubvil#4326
0x45391824e97d3aa84e0d70899d6ad437c11415ba,606145796848746507,thearaf#5188
0xd11e074e29030807B0534bE618Ecd5fcc3dd28b6,273085397708308480,acanotto#2241
0x4AA8546AAfD077F6e65be7FD4a786D1F7542c66c,752235690745528381,Tayfu#5852
0x38d8930Fe1142c146c0BBd072161b82b2751174d,772708085193769000,„Ç≠„É°„É©„Ç¥„É™„É©Ôºà„Ç±„É´„Éô„É≠„ÇπÔºâ#8577
0x5734D110867Db331fce3C5e863dDb6A4F0201ED2,384055245996687360,jekyde#1250
0x729250be25dC878Dd400Bf5BeF702DE77c83493e,402923831540318211,erknfe#2850
0x5C70ECed1e37DfBE493F97237e3481b804795647,695205115493351475,Gudang_Airdrop#3982
0x09D05C83eF37f551de67dcfc2187b8C0A19A11Ff,827884314598309899,isofurkan1905#1422
0x240DF0da944c11428eb9F8aD197cC211fD8D82eF,380327914765549579,avocato#0408
0x494021325194a6362C15583D31aAF10bA67c4162,398166262787735552,buzzno4#9694
0x8b26c63dF8622c25A378b1CB68496A98b6212eEA,828177096047198269,toshi#7789
0xBa7109B3F6bca87bA07cDe9d8E9Bc59CdE99F5B9,160278784895877120,Jasooon#0810
0x0a3B65ffc42237179c5AFAE1392882aa67A56Cdc,755775179400937594,0xf00a#8119
0x4Da07a1ac19abc476B47369b10f0992a53313C15,822942903907254343,Arüî∫#8901
0x85dc8b3C8cA34d2968CEa05616C7b39b42E52F22,823931995787755541,MKB#2456
0x39338033DF3B80Ed5Fa78780bF4f4ba175f23b26,889546613360578630,ridvan#5751
0x094a5a0513B387D59Fb8C56f0f43B0bBCDeA3E0e,455427302906658846,d1ke2306#9108
0x92980B148FD10D21EEB7533f5F6b5De4330658E3,287324588285886464,„Éû„Çπ„Çø„Éº„ÉâÊÆªÊùâ#9184
0x7130c5986aA89014f0B0aF143522e2B2250f184e,773522184484290561,0x0x0x0#4935
0x17a5ec8672Eb99EaBfc8e73BB941045fE99cb17f,884158953188130887,nukromancer#5519
0xCdA434e0d6f5bE5686A8Edc49D634C3a8FaB108C,204601954578595840,emingunsirer#5129
0xD920AF54662E86f329da602873FD0DfE6D86982A,758704434145394759,abdullah18#8081
0x1B6Bd7194CB6978861Ca1bA8C0A6F05A5b2033cC,881050379264081930,Konstantin Volk#0351
0x7b45c62d9B499b02f50f93df84Bd0C3b9c069124,212476051345899520,Lyth#0075
0x39Df9C9d62115aa0B8F4A3E2400919Af24ABB6d9,332720908575834123,oneyesoneno#4095
0x1bdF12E67a941cF4C9e35ec8461D60f0Ba6ed6fa,757552311697408058,neil#2941
0x8A595071cfBA50e2302B0d147340ceaBd77C7d04,337565843556794368,Emre Ozturk#5443
0x802692373bCd7586386edfEb91c04ea9D09c8189,458652854446456832,MSTFKMLYVZ#8382
0xF2090a24f727875f12d495DcfAe55C75C1365Da5,715175522266775642,„ÅØ„ÇÄ„ÅØ„ÇÄ„Åï„Çì/„ÅØ„ÇÇ#7332
0xe9B190B204Df0100141da1cF3a434127AED27983,694799540397801532,jlm#9728
0xFB2bf1F78f61A5C18A9C343F1cd7dB3686b0FB17,492651702542139433,Lanet Olsun Tony#5663
0x2b3dda269aC96432b00Ec443de7Ab62A67b4544a,772885885720068118,daca#7977
0x826291cF9C3E409aA5F3f4F6237482be42E03545,761173507957850132,Happy I Member MiGoi#0623
0xD345501e710475588f4e325b9c25b2235D344C5d,852083786287022080,Alper06x#0611
0x30A53351A59E27773806724867f7d909A952AFb1,625290537083076609,demonser#9884
0x17aE94122233eda03F2933bC4A8e3eB0EE6828B0,804601065092808705,„Éî„Éç„É´„Éù#1477
0x26e80D375ce35FB7895984163d3E945dfEc6a352,819179759242182669,River mouse#7603
0x902e3c76f298593c7a3c099a1a1ba106136034b5,846272680180580363,forfuggsake#1438
0x91592c3c05560Df3b6aa7FBB1D929119C59B0607,805469241431818294,LobsterNoodles - I report spam#3792
0x1Ef3d0D30025dB2c688435d08FFFFA20Fdaf5b33,531047492389699585,serkanrbc#2474
0xcf462C1b0A635173C8bA568cd011Bd38d5D0AD4a,829769169221320805,artymonn#2456
0xb881a3Bf04f54Fad6B67ACcc046Db5B9E82a4133,228602438645448704,voci#8021
0xd4fD4D4dACe2c0Bbc1c8329fA1b9eFc1fA470195,690378063212576818,Surya Narayanan#5053
0x32503f77600023040209B14B54D8F1E5A8C217Ac,388791771578236929,Opp.exe#8805
0x79384685684121f64725594B84AE797AB5f797Ab,396473068920504320,vgagolevichin#4797
0xe202BB056a2A81d68e1B4C94211B61FB4f5652A1,817103011145842690,ephraim#5331
0x1a7fFFDD99d5f5301083A67e071C425fb615bB8c,693054932059684934,Kocko#1307
0x6536d8c345871a27Dfb28926E7231DDDCfd99C1E,814469461385805865,tgagolevichin#3369
0x8171f9093902c871f9e3f2c5B989138bcf0e0b42,878177868549607445,Kris87#5602
0xC2b04A0d806F2fe55f30c6C3B96ee59973862Be9,878176051505807380,Bojkata#2657
0xeDe8C5D25a9b174f9785090698d62BBcD94F6017,814472462246740019,ebratanova#0778
0x1bA17114492b5291Ccc6d4a4fAF6FE74f5A1f6FF,814474745785352202,vbratanov#2145
0xEB6888b750B1D3Ad3d0687DD8301610bb45166Ba,814476265095823382,ygagolevichin#6704
0xF3D3F948BD5bBc82B2722152796595755bc34865,814478115040395284,ggagolevichina#8519
0xEf2A967b8Ac6f77432ADFbc49a8114B13fB29787,365150546144788483,hieuhy#5069
0xCcF2FFceDFC449dbc0e1c1a44A090371F2748eDd,831105447054278666,erfanln#0107
0x5D832748BD21686228FAaB702AA90834808b80Fa,822718530285207583,Crab#2920
0xbc5bAc34E714c499F0EB953a9295e61547595095,814479531670765598,egagolevichina#6397
0x64eE18f94C883e181dC159c23Fa9E0Ba4d3eb567,814510190995963914,vasgagolevichin#3962
0x19F18327f1F856dC8362d6e9447732be790fae1A,814533347094822942,dgagolevichina#2394
0x00ae3db5418F6eac5305e72ecC853838e9eD3837,815575841454030849,purif | Cycle üåÄ#8490
0x05579c3B06dB096346C9B9DA7880867407aB6573,814534744657887232,ggagolevichin#2688
0x083F653C12e7a80cC0F0c19Fb2a862AD3BCF9c8d,814536236135743499,mrusev#8263
0xcD065d5CFAdA13eDF347EE2BD3Dc534C18a54CB5,814537644595085323,yruseva#2072
0xD61fbeB2C5c0973F4b594E3A49da11c676be8f11,814539168515883035,rrusev#9880
0x81C951548530eCcFa0B3Bc519F3fD81fb437E512,427833347943694346,Yi#4639
0x718d1A013EF970Ad78429FaC0fD7BE8DB1EBEfE6,814540575125536768,ekardjaliiska#9788
0x50B8fBb9f662AA616b45aF128E82F742e79c79d8,826680373663629313,wangss5210#7444
0x47C7e58552372d1553F04FE1C27BD30A946f3fdB,243676513373782016,RyuViL#7223
0x31eb068f6Af31282F57DeCaAD88726A6bCA65981,826794805425995816,myersbethany#1578
0x8f65FDfF44E6b7E40E4201534875ACDB3C91ce5c,826795628922142731,kairendaion#6022
0x4f4983BfA89a9962595c95bD7B3DC31360AF7741,826796668380905512,haoidoncalsion26#0687
0x7002099ADe0DCA004EE8eFA003F1Ade8E7107B64,582687333149835267,dyonisos#0531
0x84bbcdaB15BeAF1dfe085Cba7fBFC3AA2550e3a3,839988713290596394,MathsOnChain#3792
0xD424486b786481950141Debeb5eA934f962f3b6e,793333357298974720,Cloudycn#9365
0xA9C96bC35Aa2dF31A3F2e178d0Db6794CdE24452,450066238203363329,dodoavax#4816
0x0aCd9Cb39C56BCDa1Ceb039203775A9430B9a07a,771647057017962506,DKien#6310
0xaAf5420f3E316317c039b8F9Ce5B234F835A99A7,856241093351571477,VolvicJacques#6272
0x56b26e20c15713423E5f58cF63AFa12fFCf7582a,733418788334207117,bugy#1023
0xE85a8d0EFAE691E8848D95c4D72d54449A6e5Fb9,111040040339005440,0xBisBis#2416
0x18216624d0DEe82a84600669f8CE8fDe40e6Eb53,693878279660109846,v_0legovich#0112
0x4a5DAf492bd55Bb6a35521a0883BD4D90cC6f483,849916161570504714,ngaytho#7178
0x9B5805C6147a2D755dd85b5Ad5AFE87C821e0178,829221216127680554,MuggleTown#7606
0xfBE80a4C70Bb706A3Aa38C112134363bD6BF354D,285393029320146955,$XyrioSs#0970
0x2FD97Eb6b8CA2E1Cf415Ed14bD7c51e1c0F8e649,862623517823860757,sfreange#7354
0x7B1aa4A4C9334560864fB580E9a6CE44A670fFb1,841064639513100298,BobSeinClar#7034
0xD851D8568CAB5c55b31dDBcFFCde07CC87451e12,706435852888440893,javiton9#9576
0x3CeC54904a9159C834A3f47F2D9BBd004f91F64f,883411894491316235,hatchy#7455
0x9B592300Cf843519F139ECBC840F15941e495F92,650697091194159114,iaryts#3986
0x69a263804BC8Ea966095eA21aea58b9eA6Bf52A7,619541469979607060,Palhod97#2970
0x6A82984919596a98Fb971b49B8335e9ed9f4834d,836426543936569374,akashi#0449
0xd48f5f6D45A1A01FfB3110ee5116048F4136E9d1,345706785874903043,kanye#4892
0x247c41F71C1e1Ea6d03Be0677C100D4D66B59496,698275544349016093,furkanefe#5979
0xb8e77fd0312F97C17Cd4768DE9B244e12229A668,611099687826489344,Ajankya#7667
0x5FD7d6382De0D4c4A00B19Ed10c11dfD96C27340,545615147289542668,yashnaman#6408
0xd253CCA4B130Cc7f7C90312E2A13B1dB3441f76a,792781907418415114,Tonda#4122
0xfd6AFe0b7Da5D870c33490595040FD1a20868caA,860005921542373376,xiaochuansun#8727
0xf08E1202e2283741B5a9518d176D4768b03ab51a,877475450962739221,hellosdf#6466
0xA11CEa69dBE2e2CCE00F2cc8A07629378724e7D1,879732394423369728,nihao#2321
0x358B0Fa3245Ded63b296600F5f54bBB63056fC2E,434075619274260481,X√òÀá#4511
0xb858C057f2b2d2B588340121f6834456351176C2,881888020733759490,lbw#6677
0x7eD7d6c7e5CB70175b01162714476cD3421e5c55,881897083328675851,mmmhjff#2163
0x4098DFF6872a8d65C2827199b7B2c5dEB97fDBf6,881896413003399290,sbxhdbxxb#2654
0xe230f8d64DDDd5d099097e05C9043b7d38B9e01f,892008950155870238,Cli Ma#0719
0xD9D78285a349B1747Eadd0168Ef4119d509B10f9,881895862391959564,dbdjdbdnd#3292
0x63597BCBf7aB6D846e779A5693ef283AcF8883E0,881894248335683645,xxnjxxj#3088
0xd3a72dF48A5086d84aE28A2d72f3E66E6A5b4fc4,881893284287479818,nnngghh#3063
0x0FDE600Ec3f7f5601e5Ed39efA2c1A5169F719aF,881892479639642177,liubo#9420
0xE3f5e393044C3aa6925f60F2dc7A952d08e1bf22,839769012014940191,Solana#0734
0x1D84ea20BEa19C6694Cc5f23D8D41FD9890BFFEb,518029996648824832,Masotriek#5834
0x859bb6Bc53Eceb3E365423a7568ef93cFb9c8Fc1,347738766556921856,sonic#5524
0x329C787B163a730BD7900DF2BEb3Ff4fe4670375,398857045513601026,RANN#1341
0x539ce6D78B4347B1417e3aA35126a30F8579f199,793881655365730334,ismail04#1240
0x9aF40dF5B8b6Ff8971E4C1FcDA248d955CA67f42,810775961002967041,kenn#8683
0xb933980d6c457A08e208B8a1307f36FE63756e8a,681073517072351282,mihas130#6443
0x04fe358b0A86c1e584B9869bC555809B98d52229,741491491670720573,ox66#3222
0x5ddd6bA91F14f33191ab4d513c47d220a9aab373,382638466430664705,uno#0009
0xfc1239bbb098685d33B67a41C390f90DEFB7f197,398270828510445588,joze#3014
0xC5746beF33f6EBBe08D2e9Ed8A724dE79E3A146c,836193349501321226,Maikaaa3#4764
0xB260F5d77d37a668Ab85C08930be0A01Dbc9C53D,836194000951836713,EkatKa#4829
0xD2045aEC8F809E58F411a5957ceDb2e86fd15F81,831492588191350829,Mitkaaaa#9106
0xe651759f9308ffA7ad2c7a466BfdFe1A0f833c6a,836193894319390730,Vasilkaaaa#0187
0x1DBf138CC676D227E9a64a111FB99146fF575388,294444589249462272,Subzer0#0974
0x1CF98210f34Cb989BE9694DE2091cA35dBA9D928,864127461738807296,Naonao-inv#2036
0x747e6eaeac8ba05F5aE0C1550975D6d11edf5Fcd,380907821744783363,kingbaba#8280
0x1699E0b20944a5E6a8e2028c2fb7877fD50Af0b2,303487275923406848,anileraykoc#1684
0x763373e55B26A92BaFA4E52087dEb96Ed02400c1,388629201479008267,O.J.K.#4122
0x06e69EaBA3B4D4cf5C839b5bCC615d7Bf1DBA137,422133827935404033,ilkerle uzaya doƒüru#0449
0xE9236a5eB81181e716E7AD29C75798CE397A8CD1,427345335484940288,DonSuumo#0168
0x6Dc74B125f301410765580CcDb36023DA6E8C1c6,693831136505364562,htmA#8339
0x773Ca0f46f3Ee4f8DAfa47a279a94c387D80329A,411302122508910592,SFN#9133
0x38F733BAD0C511062FB3Fe50fF7dD055A27ed601,386173545840902146,Mikey.r#2529
0x20C997ADe256D007931efD42C4365C3095199474,240444126062051328,Whiite#7301
0x91a8d6e17EC7A759dEa98D18aad36AD54af3A8c1,889182267451256884,julesft#2825
0x0A37bd32638C925F73c4Ece1ae07dB5e1BCC45f7,597353450426204170,gorilla#1375
0xb6E34A8A93031a24C264Be59D0BaC00bcaeF9051,389767128938709005,mogwai#6961
0xc39c7Fa1780f6F63d9a5784282D8a1bc4fAb1Aab,758362200975867915,Crypto_Paul01#6739
0x5a0dC15c9EceCeded97c7B1121461EDc623a0349,396212679037157388,kawa#4257
0x1CdBc785D58E1af0F8191c25C2434dE2e7fB388f,688818806512025636,nqkw3#1831
0xACA5440303D0E786811555222005B1444302eF02,833847716122460242,Vincentzhai#5472
0x2ECdc8027da54674A54568BD6bFeFfC37D8b2C45,381258817486323714,lefuturdefrance#8409
0x2FE2D4362A95686093Cc24c58CAA7b239BD9fd2e,754789399677370399,shpa97#8457
0x79A91dF5C8Fa3D83CF3963E904c42d959D08964A,772775915334795305,Gol D. Roger#0007
0xd494B0357F510010f7044270A96373AFE1f1B5dF,725507408444653729,MadMoney#8040
0xBF97c89d214724BC15847438433D91FCDCCF5996,308581298501320705,brucewayne#7804
0x578C4A3745eA1aAAC7E159975c53fb48da27b854,827153006755053568,0xAmit#6421
0xE3E0ce46E2De7DC3dE80fecAd29ED1Cb0972E2f2,222466883964764160,ferdinandiv#5536
0x0065058668B350BEe2763d43d14FF293d916b106,739811719269842986,Jymanjy#7464
0xdb1340A571333eB16DdAe9518c4641E511B16Dd5,356229758821859330,Hellerox#7029
0x08a05Ed11367C38d8a8E0400cA527b836FadE4C0,247327138330443789,Burakmezonquark#2069
0x3777D4128bb36e0205631313c2455F377BFEb8fa,742155639136190465,muratcanaskin#3174
0xf2F1F5674E534aFCE80E948dac61E94284E15D50,380630056235433985,kakichan#2262
0x814473cc0acF6b0a6b6ff75e97d1668AA8d13640,843993518221033483,tanhv34k12#4392
0x713896C0dE6e8c2830000105F3FF8F2560C91523,470327291038138378,bagsbagsbags#3130
0xf063E4a719A047A307fbf97A04c06aD6c5e811a6,783711949178667089,alucard233#0127
0x26022Ef3c93B39B40800fD4C26175BFD21d8Ab22,860196498095734794,tuanhiep#8154
0x774cE36F220dd591a34eEb2c0513c9C96Bae4e14,884089573146230834,crypto_natsu#4225
0xabFd821Fd21dF2001b1368F3880f22501B761bBe,511618182742671390,Jose Garcia RealFund#0286
0x20414830660BD39e6245978452ce4AC188524100,416235363162390530,tikijiu#8740
0x50E2dA2174b72DC5028D27B2f84F23B2b2314f88,843109945976291328,mehmetali#5403
0x5B33Db740bac615bb2Ea3845204B771DC7DB3c9D,880748777856708638,kental21#4637
0x2E318e54b8d539Fb6d48aEE22218689101cFC73A,412731349468708875,Rocky#8482
0x13B3BcB05AAf876BA932105625cDeD3509Bb05C5,883837646709878795,sedat21#0479
0x16B773E0532A80Fd26b74DD9F5BCFC73cc465922,880365589342879794,mehmetali21#5358
0x45Dd6CA32a354B45077a75D74Cc1399A246C7E40,880749398433366046,mehmet21#1264
0x7c6782A07F96FEbee18fe65EF634CC14F0a1ba38,388341118565220363,„Åø„Å®„Åò„Çì#9392
0xE099657CD459e874e2FBCB561E98CD9d1771dd37,215419663818031104,gaodeng#7137
0x496B92bfb6f1e8647368a0e0282cFF655ed9beE7,860330311874117632,phuairdrop#9909
0x0A908362A06B3dBF4496f7d4a298060aAF4307A5,494911157769994240,gokhan#9652
0x868Ef12792981E04A483000a3754B90aBD5B1923,828674264076386335,king_of_bitcoin#3559
0x97094f92481a300560d3f3a38cD2073586399464,887043603669610527,halilgurley#6728
0x243F860894BE3C3f2d6A13378A48d1A382Ee4C47,470160648580366337,yysc#8427
0xBd78eCD669AB591845435C8D56bA0E62d3F35897,895109102877958184,0xGokek#4378
0xce485E854eF129D13dc1E25D103412Bd25e97904,740304797596647465,GV#8352
0x0122D790Aa4f26f2ae8f2C0C3cBa0b8759869F34,207482562950463488,Craft#6241
0xB6e650a26E1d0eb143767E14FBeA63cfD8523311,393098007710793734,nollie#3392
0x15D1d82FAec36316478767Fe75AeE28026d29dc4,796409121381416961,BillyD#2167
0xbB7249B636Bcc7E479291Aa038c3e3e77FEAEEC2,547924929006403606,bugrA#0791
0x1fBD79964152e915dC1b210d0715fdE9892Ddf5B,298869404911927296,AhmetCetin#6186
0x21eb387c965c6A145A21A6Eb61193886F824e20b,278441766300942336,Mark | Avalaunch#3040
0x680cbff8ab0Ba343D699BA61e958a853CceF3297,745147781500633159,Lincoln#7176
0xebf80Fa409f32171C1612d29CB63B087DBbAdD23,160789104777363456,Ramkiller1#0208
0xc3B9817e259996704d86dd703264EBD4778467bC,805049266417696779,asmir#2856
0x3e1897D360eB46d1f3443F688d24ecD3D1D15d6A,841574959201779723,7kinglucky#3212
0xE8A05Dd4301a3aCCFEF52D7091f2a6eb11ADb5C9,860172153290752000,GrowingWealth#3212
0x257134053988A5B59ce3585196D37EAC61040FF0,393879954376622090,grezia#6473
0xd780015372418e038F870BA72Bb9A75aE96689b7,886629244581605386,kunpei#6193
0xBd85Dbe8acf2eD47e034440A49d3Ab5380Fa23A4,351361853986701313,„Åì„Å∞„Çì#0661
0xdD8B9fCb3a8c619f3Aa688443A095467967cB58D,234739525711036417,gzm#3681
0xB3613adf843e1424e3917727591cc9b60992Caaf,445374210290876417,jjkil#3588
0x1D98bc8a71B81a2bC37FF2455373EB4c7D2e06a9,138113001214574592,ùôóùôÆùô©ùôö ùô©ùôÆùô®ùô§ùô£#2350
0x356Fee80537043A25b8D03a94ac3529f7C66D606,819777404381691916,goma29683702#9016
0x85c38b3e9DBebeFAC62b8AF87208469127f58090,399571183986802688,catsmile91#4043
0x6303cF6fa987351D69a6bA6A186017Cd7897Db39,715732231590772818,r0cketman#6469
0x2A0bAb308acF3C1997DC91D2422b17a9C7E6aEFF,305464711514816512,Cyborg#0890
0x9dE8dea3B03620c3553fb8538d5d232D1d5b0446,570815896814092288,welulanggaring#3936
0xB029D0B856eb75eF623cd3A17Ac25FAe5BD788c9,251675473468194816,Namepo#4561
0xc59d5f0b0C7a1cd4a2343F858B5DCCea08384fB3,303224562433130498,liray-unendlich | phore.io#7929
0x23ddD59b2dfC9DCb26e887458a12196F63997d87,311548338044665877,Anon.#7564
0xC8990711d0f5D885e576A7bEAD92fDB370D92101,581881913875103744,undungundung#0124
0x59F8125C322b5af7fC0B38d0Df6892d35A3Ab07a,581879715086860288,warudoyonk#1966
0x129C005682DD5d63b1EdCFf6575B4b555085515D,410214979929636875,Bl4ck#1600
0x8a9A82cf8eb9d3492b609E75E1329FFa177f14D1,397239554689597441,Lucille#8695
0x2A98f5b29B205f9f18C7731486096516878589ed,886410598798200833,Watson#1771
0x44bE98130fB63eb3a068929EF3a102f15c2e6159,804553883745648640,goropachi#7907
0x49623338496Edd61b1E54483A4e792092Bc0BD80,837369062119047199,KZSUN#2351
0x5F79d497d6703a2e17bD33752788221b19877EcF,872359958656737362,sen#5872
0x9c5b2FA21954400dF20aB40D3679d47A7af82A2f,577092276480638976,nobi#2651
0x5C8Df0e62F5C677cFd8d698510dc441170D7f159,806344639488458782,ÁéâÂÖ•„Çå#8798
0x460a54273a73Aa0C25723903b60947B364993851,598555834670252051,Zapsuzy3#3639
0x8cF21305896Dc64a8124fa0DCe11422cb963b4C6,840833739209703446,SRT#0023
0x87Dce27b6F215E02E94b67E7b9c32c90dD4b2539,889346296459182131,Ryo_jp#5600
0x4D9edF8E965612662C6f25D0CdeA199b42cB278d,425442442947592212,samuraiscott#2880
0x2Fb4e6B3b256dF58d3C8127Cd1AC62770d127822,365055497289596928,Shel üï≥#4096
0x595973cC50a9Daf73465265bf283813EFE61A4Eb,805003551377326090,Ê≠ªËÄÖËòáÁîü„ÅÆ„Ç´„Éº„Éâ#3602
0xf9B9ceB7680d269818D3BC5fA5CAe9a14981E008,402800290559950848,take5509#2604
0xeF5F5d1695B4A0e8E87a1c71a0cD01AF85CA9819,396936309584953345,ame'otoko#3376
0x85BF957d8A40e02928CC5d8EA38cd59fd0Fc71b4,347816463513550858,soysoomer#5288
0x0703950c0CC7498436e9E265a99747c0edB68F58,390194856334458882,fish2#6042
0x83d8c63143051C195a09eD97907CbCef2161422B,364207919841017856,Tarou#6437
0x515a217B3E47CD46d5FDFECCD653f3F904027D50,389954082770518017,Yoshinori#7051
0x9E94B7D44bb5a7653E716cE2a2b49846F00a5FA5,861592892057059328,Seata#9476
0x3ECa5eEe06A42a11Ae1BF3AbA57f46a2906e9154,272443893423931404,akinci_i#5255
0x91d6Bf11608ed2Dd40f44a95f3ef222840746577,474123211320197131,Sanan#6372
0x7688CDa3aC2Ff613a0c6B828386Cd1D59c1704Bf,413178114647130114,Big_Scosche#0819
0x0313053C2e1818E292D3e0B2aBa1EA00a4c9A6e2,398426926597013504,Mt.BLACKÔºà„ÇÑ„Åæ„Åè„ÇçÔºâ#7185
0xcd09ff73e92Cb0e2cd1ca54Ca72f479dbFB9cF39,695738768270819389,Meteoro-artaroth#2157
0x0cE84d38eCD250D73c1402655Ef273a203d241ac,874108578783440917,ukiuki#9925
0xB43bc8E4c7c5Bc7dAA439b9F659128a9fC486e5B,490893916393046026,fig#1673
0xa42B37b50Fe7f1a4850E66881C22E80a80A08240,709304425755443201,„Çπ„É≠„Éã„Ç±#1331
0xc3BF5e6585542fB0DDcB64DeFA9C6D9b9E3c925d,405035742218158090,HORO#5822
0x8966a762DF157C572Ba212D4AaCFfDEF0c3852Bc,399440397350207489,„É®„ÉÉ„Ç∑„Éº#7089
0x05Fe5507da021D3DF44D7D28519E69C77c5cF879,390478417952243731,OREN#3839
0xf2c892e53BC3667C28625CcB752335AAaAd7B250,761487858254479371,Fusenicof#6597
0x2C451151fDf36e6084C4447b30AEF21bCE712dF4,770830843240644649,AquaticApe#6322
0x3Be42488Fb88bF1f880b94c226C06f79A4B45014,99214106728370176,Lyeelmyth#5288
0x89E443d840276303CED02a9A67eCf07F6a21C382,568031980634112001,ibis#3906
0x5A81f2b8E41955F6f63F99912112920306a1678b,399159745031962636,vahlimo3#1428
0x1B05FcA02A85d677197eF92E1E4B7Fa8Dcc51C29,503924105049800719,Itokin#4242
0x503c78Cfa7CAc49AbE2495a553865F3E71Eb6e54,739104391738425418,Murfenstein#9872
0x346f67B392Bb934C004bcc4607Fa73E7CE994722,829897031597948948,Shark#8671
0x2C7C0D5D81139954b090fde5487ffDA67c086B35,842452145429282876,osmans87#9022
0x1FDB01960ed1eb6C31c54eeC490B9A977088E6BA,833434038064119838,Vx#5294
0xD15d4A71044D5B560dbBF2E8Cf72ecF88fcfaA11,861645315098279936,tran ngoc#5920
0x0972b1C04e34A1CBBF5B6600C9a60d59F71D5cc5,825493325095370802,Finb100#9707
0x5F57222fA85193Cc44Ea2DE750d00Ae6447f9eFE,742680586468196423,daily#0827
0xB06B3Ea433b39B0384B03caADE6799c809e40ab2,790148756312948756,„ÅÇ„Çã„Åî„Çì#5346
0x609b9a2ae01B7eB7c2dd7feb151c8008c4995DB8,521649848563269643,Gorilla#9052
0x99cdb33Df8726F1952af7f60a02e70436241d499,494646371765321749,840(dadango)#6594
0xda7691976B5413b262C6cE10FF7e5Cc74DCC2D74,760204757280882778,mbk#1548
0x02Ca7aa00926AFB4607232512efc0089027c6d56,314399477899198464,lu#0745
0xDd5D3AC28853613300438Ec9f3aF370B202a449A,358970457510248448,Koishi#6249
0xDaFd80b3632343160aDb55809fAd182d0297ab68,814809667788210187,sangkong#4369
0x9692a814b716895E81b993f3bfafe8239E706Cdd,437712542287265824,Th√©o#2694
0xde5863eF22d365993C1cCabF03b36b5bD070Ab74,754865317305516124,chortly#0236
0x896b2797442e7066f2e46959a0B32398999fCC0d,459511643378941963,„Çã„Å™#9857
0x41e6cA7585E4B763440fE0979B8F73148BDb4556,836119647476383764,CToscali#6338
0x411d41fa6bE15967020A016876891B254D7f8769,827517802473979955,yorupika#6938
0x6216b9C052AdF9e3E6F6192284467ee825698c4C,802465412414963742,yamaguti#0847
0x446aB8E3CBC987CE4f38Fa48ac0eD0e6453b79f5,610427908271636480,enk#7747
0x1fa9d4C6658dbca393e140D22eB72D849276EF61,848176087963795477,ryo#6366
0xa249b8E3fa07cc23d2b0BF13FE3147377e6162aa,836576631467933757,b0950#1982
0xa527c323f2CB7704e84cfEA27D595e6e0e51D5Eb,509392533743468554,hemabangniuwan#2069
0xF2A1AC474A531f669e495c3C354Ed2b7a3A69fd5,775556958421778442,TetsuyaY#1263
0xdBa5B042e602D40e9385e6Efcf3d3FDccDFBba62,764763775961530398,suma9#0493
0xF305D3a668cCF956a268016468Fa1cb5Ed53659e,840760401125703680,laidawoya#0013
0x9d9E8F28A8Df0D590d7c23D3d7b02e6954073f4B,578536899132522508,„ÉØ„É≥Â§™ÈÉé#8879
0x3D1a338275A58cf021Dfc9117b0764D67bdf2677,351368944918986762,0x_Zn#1073
0x0e55F608deE5A59a208b3563BAe2a305D72f6a49,391503415668113408,atsushi0612#3929
0xEbb8f70d40D62864EAb334c66Bb5B88cE558054F,825730522411827201,no_teu#8453
0x3ed26e5CcF1e4a07028574D0a74a5deA56a1E77a,806858651880259634,phomos#3609
0x94f6319AeaA0857233e42f09179168D3E7256ED6,392195419238825985,mizuki#2807
0x9a493420EE2efd9b513713313824992b8bBc9DaB,864476396344049664,Llamadon#5503
0xD9aF3c492055c607236Bc6c4ea062aA1CE266086,602532902353240094,„ÇÜ„ÅÑ„Å®#9850
0x5280537847c00723a2E710349390bFF199661Cd3,872311588013621318,takumashi#2805
0x4F0A64B9BD696550Fee74C2E31151339f6851824,487443712213909535,S.F.#9017
0x6c4Dd55a3229d9f7941C327B217FE2d2C7d241cD,640566163440402482,yukim#5661
0x71CC816BE72DB5e0De336709BAee8531D14C11A3,263001537825996803,„Åä„Åò„Åû#9019
0x11ADE0C36bc629D863eF269a8550ABf76B0EcF05,390786650747305984,yoshiyuki46#5675
0x12BF113d5633536269Ea71CeD6a250e048dF7FE3,762835508871036950,Terry#3141
0xb2B98907a0a6ABB7104213f43cAd58c5898De6e9,805851759519072277,Guap#6138
0x03679167bc8F70c6bB3f8168C76bb7f6696C0210,818415023004319785,DP#6558
0xd27a04545E8eC1984ee62952ffF11ac6A7AdBfdf,848973431995236362,„Éê„Éã„Éº„Éë„É≥„ÉÅ#5184
0x9DA85AfDb6Df09C219FBbf766AE77290Cec83F69,886998575735775302,Nlyulev#5210
0xeb4A035aB80e9e95D1167B8E15ad4906e2421586,388690812487073803,yasmi#7225
0xcc7D62Ec8eD70056bE387cB071c14013D2dA30aA,593580320637321246,muchlove#2800
0xe3A652De6015903255f19F0299053D795dce665f,431333105068933121,shi_ma#1144
0x8b6e9ed4d9fFAf9D5Bc9d58a7A94f129AdED019a,887005599324332053,Plyuleva#3857
0x468B7bdf17Fd50405ca8bA2a0c637ccc599d3F53,887008644485509162,ElkaKirova#9454
0x168299906c10BBA5d2e77FADeC7683ABBD1ceD75,884680232018259988,youji#8795
0x5D88385ce3fCC1f5447F71a1A8FFC5d551dB177c,706986617071468585,abinitio#0445
0x0f4CC863B7e7B75D951436875d3a1361B49a0104,887010646837821440,Plyulev#9602
0x0ab18724DE539B60EcB8dD10A96dd860c36DC4fa,864467267424616479,Akara0x üëª#9632
0xF6788a657F40c9B372ccEB3AC426821dA0E5A2A9,810789067225563146,Pasteur74#4037
0xc8A4b9225A98B916Bc2A41CaC6A96cb661D4B42c,118533251483697158,ronel#0001
0xE890380AF2B1fe0AAB440E6EA07E9Aad5048cF62,192649026909241345,Columbus.#7647
0xF6993523E1c7c22dd95A4451BC65b85D63dFa17d,488839145075245058,AnneJH#9400
0x109dcD3d4550524152b34cA59ba203d86601A6E4,376165209221365780,MistyMountainHigh#0384
0x85242A05647d9f264c6BE379dA69fAFaB76A8791,804217753656623135,„Åæ„Åç„Å£„Å±_I-A7E8#2216
0x3E2e388fD62aA0b2444a146CbD07b18AdFB4FAA9,830273107843219506,nomadenci99#0873
0x4be29b2836e066e9279374a14E382a26e10abA42,729635126362898464,raldingans66#3083
0xeE56F3cDd7d3938b3237a9d177260bDE4BD3B76f,878117125817004034,AZ#7944
0x977Dff417Df7a53A8F12B8EA324461FF6DD845D5,886343824237010984,leolks#8987
0x38734C1237BFe974df6574514E7bb7a2df7fB825,890004111427268679,maxidzr#7077
0xc71aBec5A6E31d9CDb55Eea80FD0511BC0EFc29D,318016642221342731,matty#7261
0xE76747D6ba9b17Af11A0964adCd92E5c5DAa7205,411032959391367168,Walter Wolf#3295
0x9283f79E8343F9e0e2bec66c0dD4c142CA8086E3,836926560996294696,wack#8393
0xf6096dcEc0c2F8D2A9878dB374D609ACc3D6bD0D,411245957846401024,kewlc3s#0187
0xF01EA9f73CDc333A5A858b51002c20EeBdf983e8,859797168924000277,homodeus#6832
0x265Eff6886ca8d955491d3Fb19aB058AC249c149,852197186451013632,ddxxooxxbb#1817
0xE5ecF9760b3BdE1C1203A1d5e9cB95450d58ad44,696113117884711003,nm#1665
0x39886aefC95a3C4E8B346104cbF5bf3a9226b8D2,362880253816995840,GarrettZ#3861
0xdfE998B00ee6AA7A4616a59D9DdE0480F98F28A7,796385019802681404,mkswgd_I-K9TY#8690
0x9aae8c66b02bE1528f0B4A8FF3FBd62aBb854105,882069641390854234,bash#9803
0x0bC089f673767Df5AE326689e4A98e610c8B4Cf1,887957959890587718,Aurum#8169
0xFf94Da3aCD9303Ef2191f559970655241E3e1018,887964534655045633,Darryl#4961
0x19Ac745C1C79b1b235026BD67121DBB4CDB01531,345348505226838038,d1pp3r#4098
0xD3cF6455972Cd249B207549279bE77E77E16a692,390387648709263362,sou#2369
0x5Bd58995604616d585be77D8eAbe16D2b752ce89,700696721256218754,JŒûŒû( Õ°¬∞ Õú ñ Õ°¬∞)#9410
0x3BCeEeC3087C8FfD7f4600877451E44CC97Fb295,707413768434352128,baroi#3369
0x047CE6414e7a9586f6A4E07B95215760c0fd7196,818846769479286806,Anne987651#7392
0x543c7FfD57Af16E1771881C5471A9ca2c5Be17F3,380327877952143361,Tbk#8123
0x43730594e85999D875f55CD62F07c50c07c36a18,665933690240499732,Befalt#9892
0x299CDa0dE80f652D19381d0C3FdFd01513590f90,237227855346401281,Jovanta#1611
0x3B91252066A1dcABFEd2cef53E0f7855F6A0D130,640815826643189790,Engili≈ümen#5094
0x51165339000188BE67C154DaF282bdDB81460340,486446442395860993,Philippe#1840
0x27983eBaD76360ADf82FBF3aD33c6e3FeE874C12,641941859509338152,kriptoparaci27#1735
0xfe29Ecd67E2ffe604355ACC9a727A8Ab8F54083b,817588111323955266,nobu__23_I-Y6VX#3701
0xa7339EDCd5A6E4b814f36dD55A7bA4C1c052Ad5A,799981096687239189,rapunzel#4010
0x367e9C3Ac0e28C1536d5503de72BfEA24fA4Ed8A,356843951271182338,Buzzkill#9328
0x71463b1a68Bf509DA7f69D0E4c34F442001e11D4,849594023626276874,AGracia#3632
0x8DFB1eDF63561D1a06dB08c6F382362e0b52097F,738117250715746314,blackpilledfairy#6182
0x98e7f03C80B7f8DEB0fBe383880aD816f500aCEa,377445450053189633,DŒûdhel#1093
0xE3877BcC0154fc3DaAA037Fdf51528182d80D43B,868879976135544832,Akino#3384
0x034b0A5af9383ECdA55d8326280aCf833fD82c03,372109206121349139,mirhan#9527
0xEcA85146092c3BE0ae36D36F39b3D6FE5A7E4B69,718885307671642132,RacheLoomy#6847
0xb8cDF36d0fbC076aFDeD9C412690723c27dEC387,820689820888072192,ms10n#5488
0xB7f2Be2761CeA20f483BB33d51CE6fcE07dCA60f,359679165689102337,juliensmeyers#8047
0x2226ab61509EDBa99F30b8c0bcb864eaD2b08122,358841759964594178,xano#9999
0x94116efa725884314eC66C5682C1b6E7e001E232,317164493811744769,whuzz#8638
0xCAef34444835c13cB7E5507f3Ae9888272472b83,606185830033391637,vatchoum#1232
0x72Bf07f4A11E9657f56250B560Be11A63cA16757,401391144786722817,Vincagame#6490
0xf9f6ADa296eadF7946f36F0C2731f82382d3Bf56,793524344138760213,zob_Cap#2125
0x0651BD60A33C56B6427344fEe10d0c6D7E439433,888179684263739462,MikeyMikeHolattalove#9442
0x5c43B1eD97e52d009611D89b74fA829FE4ac56b1,595310819487645711,isaaclau#6468
0x293216e470a99FA2298aD2D739E8DA26BEb9420c,499287299285319688,m4ta2bi#7831
0xa521E425f37aCC731651565B41Ce3E5022274F4F,631392984516001793,Tenzent#0038
0x4c62C38B9D300774068bdab92cdf372cE45dA776,718520832963641414,secuhiro#8401
0xb251eDB7F7C93C6B43186eCcdaF1518C004A8F7D,470018402648588310,friendlypirate#0393
0x010e9Ee987Ee5a9CCb2EE6e407f674bEBde4e0Aa,315037864134180875,Sem#5348
0xE4a964e97A919ce9761b7674d50B584960C20314,842834162381488189,gurkalkocer#2382
0xd58318D01211794eE99EeF2e79dbe7AC2CA080d3,843566740536426596,atibatuer#8967
0x992456f893495f43f93b0c4d10530eface748f01,567825863924645912,escipion#1286
0xf66447DD4C74EFE10288f28647f08e95Ee7dd4a8,327381388255035402,nasu1027#1822
0x345e995CD81A069f032dE2C16094bC4A819d7112,876020390596591656,Ak#9338
0xA045E5f735E7996A9dA3DBd4318e5e1Ee87cc115,875397006149947442,kinsanginsan#5913
0x3D825601B8481d01838Cb6da18df0861B14D4aB2,419078411114381317,broiraaa#8845
0xF82e8BC7E11A22B5ab835CA25A477203a97BDB16,825770308463099904,Duy Tu | Coin F#2789
0x5fe5532a1283A4553be698906187229f5622223a,804843348632404009,Maksovellik#0974
0x10455d2469b5235f95c2512026307bd77b1511d2,389987228039905290,Gachida Horuo#9346
0x2C71808C0f8A41c34C69472b3EC32458b026ee01,848064682279305216,un#6119
0xEc4444176f048b15e937991A344539F37b03bc41,390450654000316438,„Åü„Å§„Åû„ÅÜ#3920
0x7569Ff833FF6C5fDbb58934862A08281828673Ea,150195758723891200,koo#2921
0x0A4a9b0F8344b696805C3e05Afee7517Dc136B46,887609651036835850,unmi11#2784
0xe948c599457161dc1bdb1715a0b76a7e8df7938e,367156882814533633,„Å¶„Åô„Å®#0028
0xDC218ca5f006C98D9B74F3d19e2945094E2641Bc,382089374336155648,caro#4849
0xf30F0F558A990328eDED26C2999d1a2b2e37f61D,247411804261711879,nanndaputra#0879
0xA4DF21E45bAa7A448c94cDC0875179074AC38B3b,746048765562978315,Moonboy#8885
0xF571D11665af7C7315324dBd0413E4AB844A012C,832428479080562688,sandiilyas#4466
0x019cB8057e851d82f2276ACE97d445029D588AfD,824665583660171275,stickyfreak#9467
0xfD026530F5074C117716cFfca6eb2eEdD40a3974,402732523668635658,Mordantblack#3658
0x96DFFCAa1046121aac42b13576211ed166eEE0d7,831783181468172289,stormbreaker#5243
0x364ff916b188253e861b1Bb04bDE9b3b3E7F849E,486979787131191316,columbato#6215
0xa34cceBB61efFB2d9413Af772bE8eEddfBDD88C8,439786441191587841,NuengPW#1448
0x67E3DE6b1Ae6fA1eb5692beA9c9FB8dfEFa2ef67,515074932691173377,BachelorBear#4468
0x207f37cB6995A68Aff47F8730B2537a551b3Bc15,664062736115695618,Jumpy#9674
0xC8e1f4AC50D7d41ce3daa47dd8aE5BD884B4E30F,320356780637159437,Xpirimint#3719
0x4D32fA8b46C0005d37ec28F2998c2Ac40193ED54,352735230651793420,covfefe#2679
0x2Fd6Fa96FF49A7E3F5E1b0DA2a37125B392881b0,734903547812118589,mrlp#5776
0x84e8F1673f35A95d67cd9bAD7F4eB133bA665785,503529044994686977,Ramru#1777
0x3C61507A7283Ad0D3eA9C8cF2F52f88ee22b14D6,387587400903163914,slipper main fact.#0752
0x86D8B774F9afcFc3fdC59B267A7d9ECFA9A2627b,373123588376756225,aw(ovtarcular)#1099
0xFdB241F7ad6190D04246526ac99EA5d28464Ec3f,683474455443275789,MikyC#2425
